pnr,sex,birthdate,status,doddate
1,male,1966-09-15,0,2021-03-18
2,male,1948-10-02,0,2021-03-18
3,female,1951-12-11,0,2021-03-18
4,male,1946-12-14,0,2021-03-18
5,male,1992-08-29,0,2021-03-18
6,male,1999-03-27,0,2021-03-18
7,male,1988-02-28,0,2021-03-18
8,male,1933-12-18,0,2021-03-18
9,male,1952-05-14,0,2021-03-18
10,female,1987-10-24,0,2021-03-18
11,male,1932-10-22,0,2021-03-18
12,male,1976-11-07,0,2021-03-18
13,male,1946-03-09,0,2021-03-18
14,female,1981-09-28,0,2021-03-18
15,female,1978-08-08,0,2021-03-18
16,male,1977-01-06,0,2021-03-18
17,female,1939-06-24,0,2021-03-18
18,female,1993-05-20,0,2021-03-18
19,male,1973-08-04,0,2021-03-18
20,male,1946-07-16,0,2021-03-18
21,male,1945-10-14,0,2021-03-18
22,male,1977-09-19,0,2021-03-18
23,male,1937-12-12,0,2021-03-18
24,male,1957-03-10,0,2021-03-18
25,male,1957-10-31,0,2021-03-18
26,male,1975-01-31,0,2021-03-18
27,female,1984-04-02,0,2021-03-18
28,female,1973-03-14,0,2021-03-18
29,female,1977-10-18,0,2021-03-18
30,female,1953-05-23,0,2021-03-18
31,male,1985-05-29,0,2021-03-18
32,female,1970-01-05,0,2021-03-18
33,male,1992-06-06,0,2021-03-18
34,male,1999-09-13,0,2021-03-18
35,male,1975-06-02,0,2021-03-18
36,male,1931-03-25,0,2021-03-18
37,male,1953-06-25,0,2021-03-18
38,male,1958-03-29,0,2021-03-18
39,female,1983-03-07,0,2021-03-18
40,male,1989-04-04,0,2021-03-18
41,female,1986-10-24,0,2021-03-18
42,female,1999-09-23,0,2021-03-18
43,female,1968-11-25,0,2021-03-18
44,female,1964-06-25,1,2002-02-26
45,male,1953-06-25,0,2021-03-18
46,female,1932-01-14,0,2021-03-18
47,female,1939-02-07,0,2021-03-18
48,female,1964-01-04,0,2021-03-18
49,female,1932-07-08,1,2016-02-27
50,female,1935-02-12,0,2021-03-18
51,male,1962-10-31,0,2021-03-18
52,female,1974-12-17,0,2021-03-18
53,male,1942-10-12,0,2021-03-18
54,female,1964-10-06,0,2021-03-18
55,male,1965-12-25,0,2021-03-18
56,male,1970-03-06,0,2021-03-18
57,male,1966-08-19,0,2021-03-18
58,male,1949-07-18,0,2021-03-18
59,female,1947-04-21,0,2021-03-18
60,male,1981-06-26,0,2021-03-18
61,male,1967-07-30,0,2021-03-18
62,female,1996-12-16,0,2021-03-18
63,male,1994-02-17,0,2021-03-18
64,female,1986-06-19,0,2021-03-18
65,female,1942-06-01,0,2021-03-18
66,male,1976-03-19,0,2021-03-18
67,male,1980-08-07,0,2021-03-18
68,female,1942-11-05,0,2021-03-18
69,male,1943-06-05,0,2021-03-18
70,female,1944-08-13,0,2021-03-18
71,male,1947-01-13,0,2021-03-18
72,male,1961-04-06,0,2021-03-18
73,female,1975-01-11,0,2021-03-18
74,male,1940-03-07,0,2021-03-18
75,male,1952-07-07,0,2021-03-18
76,female,1968-01-03,0,2021-03-18
77,female,1979-04-09,0,2021-03-18
78,female,1996-02-13,0,2021-03-18
79,female,1991-03-04,0,2021-03-18
80,male,1944-01-02,0,2021-03-18
81,male,1935-07-20,0,2021-03-18
82,female,1990-10-21,0,2021-03-18
83,male,1981-12-14,0,2021-03-18
84,female,1999-09-04,0,2021-03-18
85,male,1981-07-14,0,2021-03-18
86,male,1997-07-07,0,2021-03-18
87,male,1951-11-21,0,2021-03-18
88,female,1953-07-06,0,2021-03-18
89,female,1977-02-15,0,2021-03-18
90,female,1976-03-13,0,2021-03-18
91,male,1985-06-10,0,2021-03-18
92,male,1948-06-30,0,2021-03-18
93,male,1935-01-27,0,2021-03-18
94,female,1991-06-24,0,2021-03-18
95,male,1999-01-24,0,2021-03-18
96,male,1983-07-22,0,2021-03-18
97,male,1938-08-30,0,2021-03-18
98,male,1940-08-16,0,2021-03-18
99,female,1998-09-20,0,2021-03-18
100,female,1973-03-26,0,2021-03-18
101,female,1935-06-24,0,2021-03-18
102,male,1931-08-12,0,2021-03-18
103,male,1994-05-14,0,2021-03-18
104,male,1948-06-25,0,2021-03-18
105,male,1939-10-24,0,2021-03-18
106,male,1995-03-05,0,2021-03-18
107,male,1954-08-01,0,2021-03-18
108,male,1993-07-15,0,2021-03-18
109,male,1999-08-15,0,2021-03-18
110,female,1997-01-29,0,2021-03-18
111,female,1974-04-21,0,2021-03-18
112,female,1985-06-16,0,2021-03-18
113,male,1933-11-16,0,2021-03-18
114,male,1982-08-07,0,2021-03-18
115,male,1947-03-09,1,2019-02-26
116,female,1951-02-06,0,2021-03-18
117,male,1984-08-29,0,2021-03-18
118,male,1976-11-09,0,2021-03-18
119,male,1975-08-25,0,2021-03-18
120,male,1963-01-23,0,2021-03-18
121,male,1962-09-15,0,2021-03-18
122,female,1958-04-19,0,2021-03-18
123,female,1997-02-11,0,2021-03-18
124,male,1946-08-08,0,2021-03-18
125,male,1969-03-22,0,2021-03-18
126,male,1968-09-03,0,2021-03-18
127,female,1932-04-23,0,2021-03-18
128,female,1967-04-21,0,2021-03-18
129,male,1998-05-07,0,2021-03-18
130,male,1952-06-17,0,2021-03-18
131,male,1949-05-13,0,2021-03-18
132,female,1939-07-26,0,2021-03-18
133,male,1974-12-17,0,2021-03-18
134,female,1983-05-09,0,2021-03-18
135,female,1967-02-20,0,2021-03-18
136,female,1958-01-23,0,2021-03-18
137,male,1981-04-03,0,2021-03-18
138,female,1968-12-17,0,2021-03-18
139,female,1977-06-12,0,2021-03-18
140,female,1963-01-30,0,2021-03-18
141,male,1983-10-26,0,2021-03-18
142,female,1988-08-22,0,2021-03-18
143,male,2000-12-26,0,2021-03-18
144,female,1972-09-07,0,2021-03-18
145,female,1996-02-12,0,2021-03-18
146,female,1955-04-27,0,2021-03-18
147,male,1963-06-19,0,2021-03-18
148,female,1996-09-15,0,2021-03-18
149,female,1962-10-27,0,2021-03-18
150,female,1946-01-12,0,2021-03-18
151,female,1936-01-26,0,2021-03-18
152,female,1984-07-07,0,2021-03-18
153,female,1950-03-05,0,2021-03-18
154,male,1953-12-03,0,2021-03-18
155,female,1952-02-07,0,2021-03-18
156,male,1938-12-04,0,2021-03-18
157,male,1979-10-06,0,2021-03-18
158,male,1959-06-09,0,2021-03-18
159,male,1990-09-10,0,2021-03-18
160,male,1956-05-12,0,2021-03-18
161,female,1991-07-06,0,2021-03-18
162,male,1995-06-02,0,2021-03-18
163,male,1932-12-07,0,2021-03-18
164,female,1993-12-11,0,2021-03-18
165,female,1977-09-15,0,2021-03-18
166,male,1989-07-17,0,2021-03-18
167,male,1946-05-23,0,2021-03-18
168,female,1977-05-11,0,2021-03-18
169,female,1977-07-11,0,2021-03-18
170,male,1948-05-07,0,2021-03-18
171,male,1999-06-08,0,2021-03-18
172,male,1942-09-01,0,2021-03-18
173,female,1962-06-10,0,2021-03-18
174,male,1986-09-08,0,2021-03-18
175,female,1933-11-21,0,2021-03-18
176,male,1997-06-23,0,2021-03-18
177,male,1963-12-28,0,2021-03-18
178,male,1966-09-30,0,2021-03-18
179,male,1949-01-02,0,2021-03-18
180,male,1983-02-22,0,2021-03-18
181,male,1949-04-17,0,2021-03-18
182,male,1932-11-07,0,2021-03-18
183,male,1979-12-31,0,2021-03-18
184,male,1963-07-31,0,2021-03-18
185,female,1977-11-16,0,2021-03-18
186,male,1990-07-30,0,2021-03-18
187,male,1997-10-02,0,2021-03-18
188,male,1989-08-02,0,2021-03-18
189,female,1970-07-21,0,2021-03-18
190,female,1981-01-21,0,2021-03-18
191,female,1947-09-29,0,2021-03-18
192,male,1961-11-28,0,2021-03-18
193,female,1986-08-31,0,2021-03-18
194,female,1964-07-15,0,2021-03-18
195,female,1976-02-07,0,2021-03-18
196,female,1952-09-05,0,2021-03-18
197,female,1964-06-19,0,2021-03-18
198,male,1957-07-11,1,2003-05-26
199,female,1952-03-31,0,2021-03-18
200,male,1952-01-09,0,2021-03-18
201,male,1982-04-27,0,2021-03-18
202,male,1937-02-14,1,2018-09-09
203,female,1972-01-01,0,2021-03-18
204,female,1947-04-17,0,2021-03-18
205,male,1964-09-01,0,2021-03-18
206,male,1998-11-02,0,2021-03-18
207,male,1965-11-02,0,2021-03-18
208,female,1931-07-21,0,2021-03-18
209,male,1968-11-08,0,2021-03-18
210,female,1960-03-29,0,2021-03-18
211,male,1955-05-12,0,2021-03-18
212,female,1937-09-09,0,2021-03-18
213,female,1997-02-20,0,2021-03-18
214,male,1997-07-28,0,2021-03-18
215,female,1932-08-19,0,2021-03-18
216,female,1939-10-05,0,2021-03-18
217,female,1996-07-12,1,2016-03-07
218,male,1945-08-31,1,2015-12-02
219,male,1991-05-15,0,2021-03-18
220,female,1943-10-22,0,2021-03-18
221,male,1986-07-30,0,2021-03-18
222,female,1975-06-05,0,2021-03-18
223,female,1957-08-11,0,2021-03-18
224,male,1947-03-06,1,2014-09-22
225,female,1976-05-30,0,2021-03-18
226,male,1984-08-13,0,2021-03-18
227,female,1952-02-16,0,2021-03-18
228,female,1982-09-24,0,2021-03-18
229,male,1952-03-14,0,2021-03-18
230,male,1953-02-26,0,2021-03-18
231,male,1978-09-02,0,2021-03-18
232,male,1974-07-10,0,2021-03-18
233,female,1966-11-27,0,2021-03-18
234,male,1986-05-20,1,2003-02-07
235,male,1999-03-16,0,2021-03-18
236,male,1961-09-14,0,2021-03-18
237,female,1975-05-01,0,2021-03-18
238,female,1994-12-07,0,2021-03-18
239,female,1991-10-03,0,2021-03-18
240,male,1938-10-24,1,2001-03-27
241,male,1956-11-18,0,2021-03-18
242,male,1947-04-17,0,2021-03-18
243,female,1985-02-17,0,2021-03-18
244,female,1948-09-30,0,2021-03-18
245,male,1945-06-06,0,2021-03-18
246,male,1982-12-20,0,2021-03-18
247,male,1947-07-15,1,2012-02-24
248,male,1942-06-05,0,2021-03-18
249,male,1964-08-19,0,2021-03-18
250,female,1989-06-20,0,2021-03-18
251,male,1935-01-08,0,2021-03-18
252,female,1976-01-10,0,2021-03-18
253,female,1983-11-30,0,2021-03-18
254,male,1961-09-09,0,2021-03-18
255,female,1967-07-03,0,2021-03-18
256,male,1956-10-14,0,2021-03-18
257,male,1971-03-12,0,2021-03-18
258,female,1951-10-10,0,2021-03-18
259,male,1978-08-24,0,2021-03-18
260,female,1970-09-28,0,2021-03-18
261,male,1989-04-17,0,2021-03-18
262,female,1992-05-04,0,2021-03-18
263,female,1992-04-21,0,2021-03-18
264,male,1947-06-16,0,2021-03-18
265,male,1942-05-29,0,2021-03-18
266,female,1968-09-12,0,2021-03-18
267,male,1981-05-06,0,2021-03-18
268,female,1942-02-24,0,2021-03-18
269,male,1966-04-25,0,2021-03-18
270,male,1968-09-25,0,2021-03-18
271,male,1941-10-27,0,2021-03-18
272,male,1973-09-24,0,2021-03-18
273,male,1959-10-16,0,2021-03-18
274,female,1949-02-02,0,2021-03-18
275,male,1954-03-12,0,2021-03-18
276,female,1963-12-24,0,2021-03-18
277,female,2000-05-12,0,2021-03-18
278,male,1996-10-30,0,2021-03-18
279,male,1991-02-18,0,2021-03-18
280,female,1996-02-11,1,2017-07-06
281,male,1963-10-24,0,2021-03-18
282,female,1958-11-02,1,2005-08-05
283,female,1979-02-20,1,2006-11-28
284,male,1931-07-09,0,2021-03-18
285,female,1980-09-10,0,2021-03-18
286,male,1991-07-27,0,2021-03-18
287,male,1931-09-25,0,2021-03-18
288,female,1960-01-27,0,2021-03-18
289,female,1989-10-26,0,2021-03-18
290,female,1985-10-17,0,2021-03-18
291,female,1975-01-14,0,2021-03-18
292,male,1984-05-11,0,2021-03-18
293,male,1989-08-20,0,2021-03-18
294,female,1989-04-20,0,2021-03-18
295,female,1963-02-08,0,2021-03-18
296,female,1943-08-25,0,2021-03-18
297,male,1977-06-25,0,2021-03-18
298,female,1993-10-24,0,2021-03-18
299,male,1967-05-27,0,2021-03-18
300,male,1968-03-01,0,2021-03-18
301,male,1965-01-26,0,2021-03-18
302,female,1948-03-17,0,2021-03-18
303,male,1996-07-30,0,2021-03-18
304,male,1990-04-27,0,2021-03-18
305,male,1952-07-29,0,2021-03-18
306,female,1959-04-30,1,2017-11-24
307,male,1947-08-27,0,2021-03-18
308,male,1985-11-07,0,2021-03-18
309,female,1998-05-08,0,2021-03-18
310,male,1935-01-19,0,2021-03-18
311,male,1976-02-12,0,2021-03-18
312,female,1942-04-20,0,2021-03-18
313,female,1960-06-29,0,2021-03-18
314,female,1987-10-09,0,2021-03-18
315,male,1977-09-25,0,2021-03-18
316,female,1963-07-14,0,2021-03-18
317,male,1937-04-25,0,2021-03-18
318,male,1940-03-01,0,2021-03-18
319,female,1979-09-06,0,2021-03-18
320,female,1961-03-16,0,2021-03-18
321,female,1958-02-03,0,2021-03-18
322,female,1981-09-12,0,2021-03-18
323,female,1947-04-26,0,2021-03-18
324,female,1931-10-14,0,2021-03-18
325,female,1939-12-21,0,2021-03-18
326,female,1963-09-07,0,2021-03-18
327,male,1961-03-10,0,2021-03-18
328,female,1999-08-14,0,2021-03-18
329,female,1987-08-04,0,2021-03-18
330,female,1945-04-09,0,2021-03-18
331,female,1953-03-10,0,2021-03-18
332,female,1999-12-20,0,2021-03-18
333,male,1995-12-09,1,2007-08-13
334,male,1989-03-08,0,2021-03-18
335,male,1959-11-08,0,2021-03-18
336,female,1987-09-27,0,2021-03-18
337,male,1941-10-20,0,2021-03-18
338,female,2000-05-21,0,2021-03-18
339,male,1952-04-05,0,2021-03-18
340,male,1975-04-17,0,2021-03-18
341,male,1973-10-30,0,2021-03-18
342,female,1984-11-25,0,2021-03-18
343,female,1991-07-15,0,2021-03-18
344,female,1974-07-24,0,2021-03-18
345,female,1934-12-21,0,2021-03-18
346,female,1993-06-10,0,2021-03-18
347,female,1957-02-24,0,2021-03-18
348,male,1979-02-17,0,2021-03-18
349,male,1962-10-04,0,2021-03-18
350,female,1940-09-20,0,2021-03-18
351,male,1993-10-03,0,2021-03-18
352,male,1941-04-12,1,2008-10-02
353,male,1993-11-13,0,2021-03-18
354,male,1946-08-23,0,2021-03-18
355,female,1985-05-19,0,2021-03-18
356,male,1948-01-27,0,2021-03-18
357,female,1975-07-25,0,2021-03-18
358,male,1992-03-04,0,2021-03-18
359,female,1938-10-04,0,2021-03-18
360,female,1974-06-24,0,2021-03-18
361,male,1968-10-22,0,2021-03-18
362,male,2000-05-06,0,2021-03-18
363,female,1969-01-14,0,2021-03-18
364,male,1941-11-03,0,2021-03-18
365,female,1945-07-06,0,2021-03-18
366,female,1974-02-25,0,2021-03-18
367,male,1994-02-18,0,2021-03-18
368,male,1932-09-24,0,2021-03-18
369,female,1940-08-13,0,2021-03-18
370,female,1973-09-19,0,2021-03-18
371,female,1941-12-13,0,2021-03-18
372,male,1947-04-13,0,2021-03-18
373,female,1991-08-29,0,2021-03-18
374,female,1947-07-24,0,2021-03-18
375,female,1961-05-20,0,2021-03-18
376,female,1996-11-06,1,2019-02-11
377,male,1978-12-13,0,2021-03-18
378,female,1995-05-02,0,2021-03-18
379,male,1936-12-04,0,2021-03-18
380,male,1949-02-09,0,2021-03-18
381,female,1932-06-07,0,2021-03-18
382,female,1955-03-02,0,2021-03-18
383,female,1933-09-09,0,2021-03-18
384,male,1967-07-30,0,2021-03-18
385,female,1976-03-25,0,2021-03-18
386,female,1997-10-05,0,2021-03-18
387,male,1983-06-26,0,2021-03-18
388,female,1986-12-28,0,2021-03-18
389,female,1987-11-12,0,2021-03-18
390,male,1966-10-19,0,2021-03-18
391,female,1968-04-07,0,2021-03-18
392,female,1975-03-18,0,2021-03-18
393,male,1998-05-31,0,2021-03-18
394,male,1970-01-23,0,2021-03-18
395,female,1968-10-26,0,2021-03-18
396,female,1988-11-17,0,2021-03-18
397,male,1971-01-06,0,2021-03-18
398,female,1933-07-25,0,2021-03-18
399,female,1947-05-05,0,2021-03-18
400,female,1953-06-01,0,2021-03-18
401,male,1966-12-26,0,2021-03-18
402,male,1946-06-29,0,2021-03-18
403,female,1938-03-21,0,2021-03-18
404,male,1949-07-01,0,2021-03-18
405,female,1957-04-08,0,2021-03-18
406,male,1977-02-13,0,2021-03-18
407,female,1982-02-01,0,2021-03-18
408,female,1961-08-25,0,2021-03-18
409,female,1984-08-17,0,2021-03-18
410,female,1940-05-03,0,2021-03-18
411,male,1977-07-24,0,2021-03-18
412,female,1974-12-12,0,2021-03-18
413,male,1953-10-21,0,2021-03-18
414,male,1978-11-24,0,2021-03-18
415,female,1955-07-08,0,2021-03-18
416,female,1946-03-02,0,2021-03-18
417,female,1964-11-20,0,2021-03-18
418,female,1971-11-27,0,2021-03-18
419,male,1985-08-24,0,2021-03-18
420,female,1938-03-25,0,2021-03-18
421,female,1975-01-26,0,2021-03-18
422,female,1992-12-06,0,2021-03-18
423,male,1998-11-08,0,2021-03-18
424,male,1931-10-05,0,2021-03-18
425,female,1962-10-09,0,2021-03-18
426,female,1956-03-16,0,2021-03-18
427,male,1932-07-09,0,2021-03-18
428,female,1964-12-10,1,2008-06-03
429,male,1987-05-26,0,2021-03-18
430,male,1986-08-11,0,2021-03-18
431,female,1935-08-07,0,2021-03-18
432,female,1992-08-22,0,2021-03-18
433,female,1962-06-07,0,2021-03-18
434,female,2000-12-11,0,2021-03-18
435,male,1971-05-14,0,2021-03-18
436,female,1939-01-21,0,2021-03-18
437,female,1995-03-16,0,2021-03-18
438,female,1961-10-15,0,2021-03-18
439,male,1999-01-03,0,2021-03-18
440,female,1997-07-22,0,2021-03-18
441,male,1943-02-15,0,2021-03-18
442,female,1999-06-28,0,2021-03-18
443,female,1951-01-23,0,2021-03-18
444,female,1993-05-08,0,2021-03-18
445,male,1976-04-20,0,2021-03-18
446,male,1998-07-10,0,2021-03-18
447,male,1996-06-30,0,2021-03-18
448,female,1990-04-30,0,2021-03-18
449,male,1974-01-31,0,2021-03-18
450,female,1950-09-05,0,2021-03-18
451,female,1942-08-19,1,2009-06-18
452,male,1965-10-25,0,2021-03-18
453,female,1963-06-17,1,2017-11-14
454,female,1935-04-20,0,2021-03-18
455,female,1975-07-03,0,2021-03-18
456,female,1942-05-26,0,2021-03-18
457,male,1932-10-06,0,2021-03-18
458,male,1976-10-12,0,2021-03-18
459,male,1956-04-28,0,2021-03-18
460,male,1989-05-22,0,2021-03-18
461,male,1998-05-14,0,2021-03-18
462,male,1981-12-15,0,2021-03-18
463,female,1944-02-12,0,2021-03-18
464,female,1981-01-24,0,2021-03-18
465,female,1945-07-07,0,2021-03-18
466,female,1958-03-04,0,2021-03-18
467,female,1979-04-02,0,2021-03-18
468,female,1990-06-12,0,2021-03-18
469,female,1954-12-11,0,2021-03-18
470,male,1982-01-15,0,2021-03-18
471,male,1997-10-08,0,2021-03-18
472,male,1952-02-28,0,2021-03-18
473,female,1994-04-24,0,2021-03-18
474,male,1986-08-27,0,2021-03-18
475,female,1959-08-29,0,2021-03-18
476,male,1933-06-19,0,2021-03-18
477,female,1994-09-18,0,2021-03-18
478,female,1981-07-10,0,2021-03-18
479,female,1949-01-14,0,2021-03-18
480,male,1942-12-20,0,2021-03-18
481,female,1970-07-13,0,2021-03-18
482,male,1974-03-27,0,2021-03-18
483,female,1968-08-22,0,2021-03-18
484,female,1964-01-06,0,2021-03-18
485,male,1983-07-04,0,2021-03-18
486,male,1962-02-14,0,2021-03-18
487,female,1953-11-07,0,2021-03-18
488,male,1957-10-27,0,2021-03-18
489,male,1987-08-30,0,2021-03-18
490,male,1949-09-24,0,2021-03-18
491,male,1957-04-24,0,2021-03-18
492,female,1945-09-15,0,2021-03-18
493,female,1991-02-03,0,2021-03-18
494,male,1953-10-31,0,2021-03-18
495,male,1996-09-09,0,2021-03-18
496,female,1945-02-19,0,2021-03-18
497,female,1969-07-28,0,2021-03-18
498,male,1979-01-13,0,2021-03-18
499,male,1937-02-22,0,2021-03-18
500,female,1951-12-22,0,2021-03-18
501,male,1949-06-30,1,2011-12-23
502,male,1955-03-02,0,2021-03-18
503,female,1931-12-29,0,2021-03-18
504,male,1952-03-05,0,2021-03-18
505,female,1934-12-02,0,2021-03-18
506,male,1961-08-21,0,2021-03-18
507,male,1955-03-04,0,2021-03-18
508,female,1961-05-08,0,2021-03-18
509,male,1968-11-20,1,2013-06-30
510,male,1952-01-07,1,2003-01-27
511,female,1970-04-08,0,2021-03-18
512,male,1990-11-17,0,2021-03-18
513,female,1936-04-23,0,2021-03-18
514,male,1946-05-09,0,2021-03-18
515,female,1974-10-10,0,2021-03-18
516,female,1963-12-23,0,2021-03-18
517,male,1970-07-01,0,2021-03-18
518,female,1972-09-29,0,2021-03-18
519,female,1959-10-27,0,2021-03-18
520,male,1951-10-10,0,2021-03-18
521,female,1967-10-06,0,2021-03-18
522,male,1961-02-17,0,2021-03-18
523,male,1978-05-27,0,2021-03-18
524,female,1931-06-21,0,2021-03-18
525,female,1965-05-03,0,2021-03-18
526,female,1995-02-26,0,2021-03-18
527,female,1993-09-26,0,2021-03-18
528,female,1998-10-13,0,2021-03-18
529,male,1962-02-26,1,2008-05-26
530,male,1965-11-12,0,2021-03-18
531,female,1955-09-22,0,2021-03-18
532,female,1986-02-14,0,2021-03-18
533,male,1977-12-30,0,2021-03-18
534,female,1963-03-15,0,2021-03-18
535,male,1951-12-22,0,2021-03-18
536,male,1938-11-25,0,2021-03-18
537,female,1989-04-17,0,2021-03-18
538,male,1948-10-18,0,2021-03-18
539,male,1970-06-12,0,2021-03-18
540,male,1956-10-13,0,2021-03-18
541,male,1973-10-06,0,2021-03-18
542,female,1971-05-18,0,2021-03-18
543,male,1997-12-21,1,2012-11-25
544,male,1978-12-11,1,2017-02-27
545,female,1973-10-31,0,2021-03-18
546,female,1939-07-24,0,2021-03-18
547,female,2000-07-27,0,2021-03-18
548,female,1962-08-31,0,2021-03-18
549,male,1971-11-27,0,2021-03-18
550,male,1978-11-20,0,2021-03-18
551,female,1957-06-20,0,2021-03-18
552,male,1988-04-20,0,2021-03-18
553,male,1957-05-04,1,2020-08-28
554,male,1950-07-17,0,2021-03-18
555,male,1980-12-07,0,2021-03-18
556,female,1969-07-15,0,2021-03-18
557,female,1948-04-15,0,2021-03-18
558,male,1963-12-25,0,2021-03-18
559,male,1939-12-26,0,2021-03-18
560,female,1983-02-17,0,2021-03-18
561,female,1985-02-13,0,2021-03-18
562,male,1941-09-01,0,2021-03-18
563,male,1974-03-20,0,2021-03-18
564,male,1986-11-07,0,2021-03-18
565,male,1996-10-29,0,2021-03-18
566,male,1969-11-21,0,2021-03-18
567,male,1991-08-07,0,2021-03-18
568,female,1999-05-25,0,2021-03-18
569,female,1936-09-07,0,2021-03-18
570,male,1976-12-02,1,2014-12-04
571,male,1954-03-15,0,2021-03-18
572,male,1974-04-04,0,2021-03-18
573,male,1932-07-08,0,2021-03-18
574,female,1970-09-24,0,2021-03-18
575,male,2000-07-15,0,2021-03-18
576,female,1982-05-20,0,2021-03-18
577,male,1965-07-07,0,2021-03-18
578,male,1975-11-18,0,2021-03-18
579,female,1970-04-14,0,2021-03-18
580,male,1989-06-07,0,2021-03-18
581,male,1933-01-08,0,2021-03-18
582,male,1997-04-08,0,2021-03-18
583,female,1939-10-16,0,2021-03-18
584,female,1996-01-23,0,2021-03-18
585,male,1986-01-14,0,2021-03-18
586,male,1985-05-07,0,2021-03-18
587,male,1974-12-05,0,2021-03-18
588,male,1984-09-30,0,2021-03-18
589,female,1994-05-14,0,2021-03-18
590,female,1974-12-14,0,2021-03-18
591,female,1945-04-04,0,2021-03-18
592,male,1999-09-25,0,2021-03-18
593,female,1988-05-08,0,2021-03-18
594,male,1972-10-02,0,2021-03-18
595,female,1983-05-21,0,2021-03-18
596,female,1954-12-05,0,2021-03-18
597,male,1959-12-08,0,2021-03-18
598,male,1961-10-25,0,2021-03-18
599,male,1960-01-17,0,2021-03-18
600,female,1934-05-02,0,2021-03-18
601,male,1976-07-13,0,2021-03-18
602,male,1981-04-20,0,2021-03-18
603,female,1983-02-28,0,2021-03-18
604,male,1965-01-03,0,2021-03-18
605,male,1987-10-15,0,2021-03-18
606,male,1961-09-05,0,2021-03-18
607,male,1945-04-16,0,2021-03-18
608,female,1977-01-17,0,2021-03-18
609,male,1987-10-06,0,2021-03-18
610,male,1963-03-19,0,2021-03-18
611,female,1996-01-27,0,2021-03-18
612,male,1940-10-12,0,2021-03-18
613,female,1957-06-30,0,2021-03-18
614,male,1953-03-02,0,2021-03-18
615,male,1993-08-03,0,2021-03-18
616,male,1955-02-10,1,2002-11-06
617,female,1958-12-01,0,2021-03-18
618,female,1997-08-17,0,2021-03-18
619,male,1962-10-18,0,2021-03-18
620,male,1961-03-28,0,2021-03-18
621,female,1936-04-15,0,2021-03-18
622,female,1956-08-03,0,2021-03-18
623,male,1998-01-22,0,2021-03-18
624,male,1994-10-08,0,2021-03-18
625,male,1945-12-20,0,2021-03-18
626,male,1980-08-22,0,2021-03-18
627,female,1998-09-08,0,2021-03-18
628,male,1979-08-02,0,2021-03-18
629,female,1960-04-02,0,2021-03-18
630,male,1979-09-22,0,2021-03-18
631,female,1951-04-21,0,2021-03-18
632,female,1985-04-16,0,2021-03-18
633,male,1933-05-06,0,2021-03-18
634,female,1938-01-11,0,2021-03-18
635,female,1956-03-28,0,2021-03-18
636,male,1996-08-04,0,2021-03-18
637,male,1957-02-21,0,2021-03-18
638,female,1963-04-05,0,2021-03-18
639,male,1994-04-22,0,2021-03-18
640,female,1987-07-06,0,2021-03-18
641,female,1951-09-30,0,2021-03-18
642,male,1963-10-17,0,2021-03-18
643,male,1949-09-18,0,2021-03-18
644,female,1951-02-18,0,2021-03-18
645,male,1981-03-13,0,2021-03-18
646,female,1965-03-31,0,2021-03-18
647,female,1988-08-31,0,2021-03-18
648,male,1945-08-14,0,2021-03-18
649,female,1988-04-30,0,2021-03-18
650,male,1977-02-24,0,2021-03-18
651,male,1938-01-27,0,2021-03-18
652,male,1955-08-01,0,2021-03-18
653,male,1941-03-19,0,2021-03-18
654,male,1935-02-24,0,2021-03-18
655,male,1942-08-15,0,2021-03-18
656,female,2000-05-24,0,2021-03-18
657,female,1959-10-20,0,2021-03-18
658,male,1954-10-23,0,2021-03-18
659,male,1970-03-31,0,2021-03-18
660,male,1954-04-21,0,2021-03-18
661,female,1975-01-11,0,2021-03-18
662,female,1963-12-28,0,2021-03-18
663,male,1989-08-15,0,2021-03-18
664,female,1977-07-01,0,2021-03-18
665,female,1936-11-30,0,2021-03-18
666,male,1933-12-05,0,2021-03-18
667,female,1973-10-20,0,2021-03-18
668,female,1938-09-02,0,2021-03-18
669,female,1966-03-06,0,2021-03-18
670,female,1943-10-01,0,2021-03-18
671,male,1931-12-19,0,2021-03-18
672,female,1961-09-14,0,2021-03-18
673,male,1981-05-14,0,2021-03-18
674,male,1948-01-11,0,2021-03-18
675,male,1994-03-29,0,2021-03-18
676,male,1957-02-08,0,2021-03-18
677,male,1949-08-03,0,2021-03-18
678,male,1984-08-01,0,2021-03-18
679,female,1971-05-31,0,2021-03-18
680,male,2000-01-27,0,2021-03-18
681,female,1952-03-02,0,2021-03-18
682,female,1988-01-07,0,2021-03-18
683,female,1987-11-03,0,2021-03-18
684,male,1957-08-19,0,2021-03-18
685,male,1989-06-03,0,2021-03-18
686,female,1994-05-19,0,2021-03-18
687,male,1975-10-19,1,2002-01-22
688,male,1972-05-02,0,2021-03-18
689,male,1978-09-08,0,2021-03-18
690,female,1997-07-24,0,2021-03-18
691,female,1945-11-25,0,2021-03-18
692,female,1932-10-17,0,2021-03-18
693,male,1939-06-22,0,2021-03-18
694,male,1959-09-05,0,2021-03-18
695,female,1944-01-14,0,2021-03-18
696,male,1972-07-01,0,2021-03-18
697,male,1972-04-21,0,2021-03-18
698,male,1948-08-25,0,2021-03-18
699,female,1949-09-24,0,2021-03-18
700,male,1939-08-10,0,2021-03-18
701,male,1977-05-27,0,2021-03-18
702,male,1981-08-25,0,2021-03-18
703,male,1990-09-21,1,2004-09-08
704,female,1969-06-09,0,2021-03-18
705,male,1994-12-06,0,2021-03-18
706,female,1980-08-11,0,2021-03-18
707,female,1977-02-24,0,2021-03-18
708,male,1987-09-27,0,2021-03-18
709,female,1931-07-31,0,2021-03-18
710,female,1974-01-31,0,2021-03-18
711,female,1932-10-12,0,2021-03-18
712,female,1936-09-04,0,2021-03-18
713,male,1987-02-10,0,2021-03-18
714,male,1989-03-28,0,2021-03-18
715,male,1935-01-27,0,2021-03-18
716,male,1982-07-31,0,2021-03-18
717,female,1994-07-11,0,2021-03-18
718,female,1943-01-29,0,2021-03-18
719,female,1966-12-16,0,2021-03-18
720,female,1985-10-17,0,2021-03-18
721,female,1985-02-16,0,2021-03-18
722,female,1942-01-18,0,2021-03-18
723,female,1933-11-09,0,2021-03-18
724,male,1987-07-16,0,2021-03-18
725,male,1938-10-20,0,2021-03-18
726,female,1974-06-30,0,2021-03-18
727,female,1979-09-07,0,2021-03-18
728,female,1984-04-09,0,2021-03-18
729,male,1978-03-04,0,2021-03-18
730,female,1998-11-25,0,2021-03-18
731,male,1971-09-03,0,2021-03-18
732,female,1964-01-05,0,2021-03-18
733,female,1940-01-26,0,2021-03-18
734,male,1935-01-18,0,2021-03-18
735,female,1987-06-12,0,2021-03-18
736,female,1944-09-16,0,2021-03-18
737,female,1962-02-27,0,2021-03-18
738,female,1985-03-19,0,2021-03-18
739,female,1988-07-13,0,2021-03-18
740,male,1944-01-17,0,2021-03-18
741,male,1955-08-10,0,2021-03-18
742,female,1993-01-13,0,2021-03-18
743,male,1964-07-17,0,2021-03-18
744,female,1960-02-12,0,2021-03-18
745,female,1940-09-28,0,2021-03-18
746,male,1987-01-03,1,2007-11-28
747,female,1957-05-20,0,2021-03-18
748,male,1978-06-02,0,2021-03-18
749,male,1996-05-21,0,2021-03-18
750,male,1972-11-29,0,2021-03-18
751,female,1932-01-18,0,2021-03-18
752,male,1952-04-25,0,2021-03-18
753,female,1968-10-12,0,2021-03-18
754,male,1936-10-15,0,2021-03-18
755,male,1963-03-17,0,2021-03-18
756,female,1952-07-13,1,2002-08-03
757,male,1948-05-16,0,2021-03-18
758,female,1992-11-23,0,2021-03-18
759,female,1952-10-04,0,2021-03-18
760,male,1994-03-07,0,2021-03-18
761,male,1990-04-30,0,2021-03-18
762,male,1965-04-12,0,2021-03-18
763,female,1996-11-22,0,2021-03-18
764,female,1973-01-16,0,2021-03-18
765,male,1934-12-25,0,2021-03-18
766,male,1983-11-11,0,2021-03-18
767,female,1965-01-15,0,2021-03-18
768,female,1957-06-20,0,2021-03-18
769,male,1988-05-19,0,2021-03-18
770,male,1936-12-01,0,2021-03-18
771,male,1975-11-15,0,2021-03-18
772,male,1991-12-26,0,2021-03-18
773,female,1987-06-06,0,2021-03-18
774,male,1977-01-30,0,2021-03-18
775,male,1953-06-02,0,2021-03-18
776,male,1986-09-06,0,2021-03-18
777,male,1938-06-08,0,2021-03-18
778,male,1934-08-24,0,2021-03-18
779,female,1948-09-11,0,2021-03-18
780,male,1937-09-29,0,2021-03-18
781,female,1978-12-12,0,2021-03-18
782,male,1957-06-25,0,2021-03-18
783,female,1987-05-17,0,2021-03-18
784,female,1984-09-22,0,2021-03-18
785,male,1945-03-25,0,2021-03-18
786,female,1940-04-10,0,2021-03-18
787,male,1932-08-19,0,2021-03-18
788,male,1960-09-16,0,2021-03-18
789,female,1934-01-05,0,2021-03-18
790,male,1996-12-28,0,2021-03-18
791,female,1958-04-24,0,2021-03-18
792,female,1931-07-28,0,2021-03-18
793,male,1998-04-27,0,2021-03-18
794,female,1989-08-22,0,2021-03-18
795,female,1945-05-20,0,2021-03-18
796,male,1987-08-17,0,2021-03-18
797,male,1960-11-12,1,2020-02-02
798,male,1984-08-12,1,2007-12-23
799,male,1997-12-08,0,2021-03-18
800,male,1976-12-10,0,2021-03-18
801,female,1977-08-24,0,2021-03-18
802,male,1963-05-06,0,2021-03-18
803,male,1990-03-23,0,2021-03-18
804,male,1987-06-29,0,2021-03-18
805,female,1939-04-13,0,2021-03-18
806,female,1967-09-25,0,2021-03-18
807,female,1932-12-20,0,2021-03-18
808,female,1965-09-08,0,2021-03-18
809,male,1967-09-23,0,2021-03-18
810,male,1977-07-27,0,2021-03-18
811,female,1992-05-22,0,2021-03-18
812,male,1999-06-05,0,2021-03-18
813,female,1961-11-05,0,2021-03-18
814,male,1991-07-12,0,2021-03-18
815,female,1956-10-01,0,2021-03-18
816,female,1994-11-12,0,2021-03-18
817,female,1961-02-04,0,2021-03-18
818,female,1973-09-20,0,2021-03-18
819,male,1931-04-07,0,2021-03-18
820,female,1979-08-06,0,2021-03-18
821,male,1941-06-04,0,2021-03-18
822,male,1976-08-23,0,2021-03-18
823,male,1981-11-19,0,2021-03-18
824,female,1972-03-01,0,2021-03-18
825,female,1982-06-18,0,2021-03-18
826,male,1943-01-05,0,2021-03-18
827,female,1946-08-15,0,2021-03-18
828,female,1976-01-01,0,2021-03-18
829,female,1951-06-04,0,2021-03-18
830,female,1952-08-24,1,2007-10-03
831,female,1967-04-06,0,2021-03-18
832,male,1944-03-23,0,2021-03-18
833,male,1931-12-05,0,2021-03-18
834,male,1939-11-18,0,2021-03-18
835,male,1971-06-01,0,2021-03-18
836,male,1976-07-05,0,2021-03-18
837,female,1968-05-15,0,2021-03-18
838,male,1970-06-12,0,2021-03-18
839,female,1950-11-19,0,2021-03-18
840,female,1932-12-30,0,2021-03-18
841,female,1978-01-21,1,2014-10-16
842,male,1984-02-21,0,2021-03-18
843,male,1996-01-01,0,2021-03-18
844,male,1973-10-28,0,2021-03-18
845,female,1953-05-03,0,2021-03-18
846,male,2001-01-02,1,2008-10-21
847,female,1969-08-04,0,2021-03-18
848,male,1959-02-25,0,2021-03-18
849,male,1965-11-03,0,2021-03-18
850,female,1995-07-02,0,2021-03-18
851,male,1972-07-01,0,2021-03-18
852,female,1970-03-20,0,2021-03-18
853,male,1941-02-03,1,2018-07-30
854,female,1990-10-24,0,2021-03-18
855,female,1985-06-03,0,2021-03-18
856,female,1940-09-15,0,2021-03-18
857,female,1988-04-14,0,2021-03-18
858,male,1980-09-09,1,2011-11-23
859,male,1995-09-03,0,2021-03-18
860,female,1946-12-22,0,2021-03-18
861,female,1937-11-06,0,2021-03-18
862,female,1936-09-19,0,2021-03-18
863,female,1980-11-16,0,2021-03-18
864,male,1953-08-03,0,2021-03-18
865,female,1946-11-12,0,2021-03-18
866,female,1931-10-01,0,2021-03-18
867,female,1974-12-29,0,2021-03-18
868,male,1987-08-03,0,2021-03-18
869,female,1982-05-30,0,2021-03-18
870,female,1999-11-14,0,2021-03-18
871,female,1946-04-07,0,2021-03-18
872,female,1968-12-08,0,2021-03-18
873,female,1938-11-01,0,2021-03-18
874,male,1955-05-08,0,2021-03-18
875,female,1944-05-30,0,2021-03-18
876,female,1944-03-17,0,2021-03-18
877,male,2000-12-26,0,2021-03-18
878,female,1988-04-22,0,2021-03-18
879,female,1990-10-21,1,2003-11-01
880,female,1979-06-02,0,2021-03-18
881,female,1948-12-29,0,2021-03-18
882,male,1953-03-28,0,2021-03-18
883,female,2000-11-12,0,2021-03-18
884,female,1968-10-04,0,2021-03-18
885,female,1953-10-16,0,2021-03-18
886,male,1970-07-28,0,2021-03-18
887,female,1967-12-02,0,2021-03-18
888,male,1956-07-19,0,2021-03-18
889,male,1964-08-05,1,2010-09-30
890,male,1947-09-28,0,2021-03-18
891,male,1955-06-26,0,2021-03-18
892,male,1980-02-11,0,2021-03-18
893,female,1942-09-11,0,2021-03-18
894,female,1963-01-17,0,2021-03-18
895,female,1976-10-03,0,2021-03-18
896,male,1966-07-29,0,2021-03-18
897,male,1966-12-02,0,2021-03-18
898,male,1972-06-05,0,2021-03-18
899,male,1938-03-25,0,2021-03-18
900,female,1953-11-29,0,2021-03-18
901,male,1990-10-05,0,2021-03-18
902,female,1962-07-03,0,2021-03-18
903,female,1983-09-26,0,2021-03-18
904,female,1981-01-05,0,2021-03-18
905,male,1978-09-25,0,2021-03-18
906,male,1982-07-11,0,2021-03-18
907,male,1935-01-07,0,2021-03-18
908,male,1995-06-24,0,2021-03-18
909,female,1950-03-04,0,2021-03-18
910,male,1987-12-18,0,2021-03-18
911,male,1967-01-12,0,2021-03-18
912,male,1969-08-01,0,2021-03-18
913,female,2000-10-27,0,2021-03-18
914,female,1972-11-22,0,2021-03-18
915,female,1931-11-08,0,2021-03-18
916,male,1987-02-14,0,2021-03-18
917,female,1959-03-14,0,2021-03-18
918,male,1958-08-10,0,2021-03-18
919,female,1953-05-21,0,2021-03-18
920,male,1978-12-02,0,2021-03-18
921,male,1983-06-05,0,2021-03-18
922,male,1936-06-24,0,2021-03-18
923,female,1984-04-27,1,2014-06-14
924,female,1940-11-13,0,2021-03-18
925,female,1976-11-25,0,2021-03-18
926,female,1982-01-03,0,2021-03-18
927,female,1934-06-07,0,2021-03-18
928,male,1985-01-30,0,2021-03-18
929,female,1935-11-07,0,2021-03-18
930,female,1949-10-01,0,2021-03-18
931,female,1955-05-25,0,2021-03-18
932,female,1991-08-09,0,2021-03-18
933,female,1997-11-28,0,2021-03-18
934,male,1985-01-24,1,2011-06-29
935,female,1952-04-12,0,2021-03-18
936,male,1968-12-02,0,2021-03-18
937,female,1983-02-25,0,2021-03-18
938,female,1959-10-11,0,2021-03-18
939,male,1960-06-01,0,2021-03-18
940,male,1962-01-20,0,2021-03-18
941,female,1997-03-05,0,2021-03-18
942,female,1956-09-24,0,2021-03-18
943,male,1938-03-04,0,2021-03-18
944,female,1939-06-09,0,2021-03-18
945,male,1967-02-11,0,2021-03-18
946,male,1942-05-10,0,2021-03-18
947,male,1940-04-30,0,2021-03-18
948,male,1933-12-14,0,2021-03-18
949,female,1936-05-25,0,2021-03-18
950,female,1961-02-19,0,2021-03-18
951,female,1936-11-23,0,2021-03-18
952,female,1997-06-07,0,2021-03-18
953,female,1978-05-09,0,2021-03-18
954,male,1948-04-06,0,2021-03-18
955,female,1997-02-06,0,2021-03-18
956,male,1949-02-13,1,2019-12-26
957,male,1936-06-09,0,2021-03-18
958,male,1961-12-02,0,2021-03-18
959,female,1977-02-28,0,2021-03-18
960,male,1950-09-24,0,2021-03-18
961,male,1989-05-27,0,2021-03-18
962,female,1965-08-26,0,2021-03-18
963,male,1976-12-20,0,2021-03-18
964,male,1996-10-29,0,2021-03-18
965,female,1987-11-04,0,2021-03-18
966,male,1998-11-11,0,2021-03-18
967,male,1960-05-04,0,2021-03-18
968,male,1965-07-15,0,2021-03-18
969,female,1985-04-30,0,2021-03-18
970,female,1933-09-12,0,2021-03-18
971,male,1936-07-23,0,2021-03-18
972,female,1977-07-25,0,2021-03-18
973,female,1981-07-05,1,2017-09-13
974,female,1941-02-16,0,2021-03-18
975,male,1988-08-09,0,2021-03-18
976,female,1957-05-02,0,2021-03-18
977,male,1946-08-04,0,2021-03-18
978,male,1980-10-10,0,2021-03-18
979,male,1946-11-28,0,2021-03-18
980,female,1953-12-06,0,2021-03-18
981,male,1999-07-11,0,2021-03-18
982,male,1996-09-13,0,2021-03-18
983,male,1973-10-08,0,2021-03-18
984,male,1945-02-28,0,2021-03-18
985,female,1962-11-06,0,2021-03-18
986,male,1939-05-26,0,2021-03-18
987,female,1954-01-08,0,2021-03-18
988,male,1942-10-09,0,2021-03-18
989,male,1993-01-19,0,2021-03-18
990,male,1999-04-27,0,2021-03-18
991,male,1998-02-25,0,2021-03-18
992,female,1974-09-26,0,2021-03-18
993,male,1969-11-09,0,2021-03-18
994,male,1988-03-14,0,2021-03-18
995,male,1975-09-16,0,2021-03-18
996,female,1936-01-15,0,2021-03-18
997,male,1966-12-17,0,2021-03-18
998,male,1949-12-27,0,2021-03-18
999,female,1935-12-10,0,2021-03-18
1000,male,1981-09-21,0,2021-03-18
